"Epic","Feature","Story","FAILED","BROKEN","PASSED","SKIPPED","UNKNOWN"
"","4 Main page","","0","1","1","4","0"
"","5 Main page","","0","1","0","5","0"
"","3 Main page","","0","0","1","5","0"
"","10 Main page","","0","1","1","4","0"
"","6 Main page","","0","0","1","5","0"
"","1 Main page","","0","1","0","5","0"
"","Main page","","0","1","0","5","0"
"","2 Main page","","0","0","1","5","0"
"","8 Main page","","0","0","6","0","0"
"","Login","","0","1","0","0","0"
"","7 Main page","","0","1","0","5","0"
"","9 Main page","","0","0","6","0","0"
